id_pais,anio,inmigrantes,emigrantes
AFG,1960,6.0,0.0
ALB,1960,4.0,0.0
DZA,1960,71.0,3.0
ASM,1960,0.0,0.0
AND,1960,0.0,4.0
AGO,1960,786.0,6.0
AIA,1960,0.0,0.0
ATG,1960,0.0,3.0
ARM,1960,1318.0,0.0
ABW,1960,4.0,8.0
AUS,1960,230.0,144.0
AUT,1960,21433.0,119.0
AZE,1960,20.0,0.0
BHS,1960,0.0,0.0
BHR,1960,1.0,0.0
BGD,1960,1.0,0.0
BRB,1960,8.0,8.0
BLR,1960,42.0,0.0
BEL,1960,147.0,100.0
BLZ,1960,10.0,5.0
BEN,1960,0.0,3.0
BMU,1960,0.0,0.0
BTN,1960,0.0,0.0
BOL,1960,90166.0,4113.0
BIH,1960,248.0,2.0
BWA,1960,1.0,0.0
BRA,1960,49290.0,17814.0
BRN,1960,0.0,0.0
BGR,1960,45.0,9.0
BFA,1960,3.0,0.0
BDI,1960,2.0,2.0
KHM,1960,2.0,4.0
CMR,1960,5.0,6.0
CAN,1960,164.0,1909.0
CPV,1960,5.0,5.0
CYM,1960,0.0,0.0
CAF,1960,1.0,0.0
TCD,1960,3.0,1.0
CHI,1960,0.0,0.0
CHL,1960,119505.0,11966.0
CHN,1960,3279.0,2.0
COL,1960,10601.0,943.0
COM,1960,1.0,0.0
COD,1960,16.0,25.0
COG,1960,6.0,0.0
COK,1960,0.0,0.0
CRI,1960,61.0,146.0
CIV,1960,5.0,7.0
HRV,1960,13131.0,0.0
CUB,1960,315.0,397.0
CYP,1960,2.0,8.0
CZE,1960,12838.0,3.0
DNK,1960,45.0,81.0
DJI,1960,0.0,0.0
DMA,1960,5.0,2.0
DOM,1960,278.0,90.0
ECU,1960,697.0,540.0
EGY,1960,968.0,9.0
SLV,1960,38.0,109.0
GNQ,1960,2.0,0.0
ERI,1960,5.0,0.0
EST,1960,206.0,0.0
ETH,1960,9.0,0.0
FRO,1960,0.0,4.0
FLK,1960,7.0,2.0
FJI,1960,0.0,23.0
FIN,1960,19.0,23.0
FRA,1960,22915.0,10669.0
GUF,1960,18.0,3.0
PYF,1960,4.0,4.0
GAB,1960,1.0,0.0
GMB,1960,1.0,0.0
GEO,1960,26.0,0.0
DEU,1960,50653.0,1230.0
GHA,1960,5.0,9.0
GIB,1960,0.0,16.0
GRC,1960,395.0,24.0
GRL,1960,0.0,0.0
GRD,1960,10.0,3.0
GLP,1960,24.0,0.0
GUM,1960,0.0,5.0
GTM,1960,24.0,203.0
GIN,1960,2.0,2.0
GNB,1960,1.0,0.0
GUY,1960,90.0,353.0
HTI,1960,34.0,0.0
HND,1960,22.0,68.0
HKG,1960,23.0,3.0
HUN,1960,432.0,48.0
ISL,1960,0.0,0.0
IND,1960,195.0,0.0
IDN,1960,17.0,24.0
IRN,1960,56.0,0.0
IRQ,1960,8.0,31.0
IRL,1960,17.0,48.0
IMN,1960,0.0,0.0
ISR,1960,703.0,1107.0
ITA,1960,927303.0,458.0
JAM,1960,7.0,0.0
JPN,1960,7692.0,5.0
JOR,1960,112.0,5.0
KAZ,1960,314.0,0.0
KEN,1960,7.0,0.0
KIR,1960,0.0,0.0
PRK,1960,479.0,0.0
KOR,1960,1537.0,0.0
XKX,1960,0.0,0.0
KWT,1960,4.0,0.0
KGZ,1960,4.0,0.0
LAO,1960,36.0,0.0
LVA,1960,529.0,0.0
LBN,1960,13176.0,2.0
LSO,1960,2.0,0.0
LBR,1960,4.0,0.0
LBY,1960,43.0,2.0
LIE,1960,1.0,0.0
LTU,1960,6487.0,0.0
LUX,1960,2.0,5.0
MAC,1960,2.0,0.0
MKD,1960,1769.0,3.0
MDG,1960,11.0,0.0
MWI,1960,1.0,0.0
MYS,1960,4.0,0.0
MDV,1960,0.0,0.0
MLI,1960,9.0,0.0
MLT,1960,0.0,0.0
MHL,1960,0.0,0.0
MTQ,1960,80.0,0.0
MRT,1960,1.0,0.0
MUS,1960,0.0,3.0
MYT,1960,0.0,0.0
MEX,1960,307.0,2480.0
FSM,1960,0.0,10.0
MDA,1960,35.0,0.0
MCO,1960,0.0,5.0
MNG,1960,0.0,0.0
MNE,1960,0.0,0.0
MSR,1960,0.0,0.0
MAR,1960,478.0,4.0
MOZ,1960,176.0,0.0
MMR,1960,2.0,29.0
NAM,1960,2.0,9.0
NRU,1960,2.0,0.0
NPL,1960,0.0,0.0
NLD,1960,275.0,3.0
ANT,1960,17.0,31.0
NCL,1960,1.0,0.0
NZL,1960,28.0,131.0
NIC,1960,61.0,70.0
NER,1960,2.0,34.0
NGA,1960,22.0,106.0
NIU,1960,0.0,0.0
NFK,1960,0.0,0.0
MNP,1960,1.0,0.0
NOR,1960,31.0,163.0
OMN,1960,2.0,1.0
PAK,1960,43.0,0.0
PLW,1960,1.0,0.0
PAN,1960,87.0,242.0
PNG,1960,0.0,3.0
PRY,1960,157030.0,27512.0
PER,1960,1691.0,2643.0
PHL,1960,39.0,11.0
POL,1960,113735.0,4.0
PRT,1960,30594.0,55.0
PRI,1960,29.0,133.0
QAT,1960,1.0,2.0
REU,1960,16.0,2.0
ROU,1960,555.0,0.0
RUS,1960,30567.0,0.0
RWA,1960,2.0,0.0
SHN,1960,40.0,0.0
SPM,1960,0.0,0.0
WSM,1960,0.0,1.0
SMR,1960,0.0,0.0
STP,1960,1.0,0.0
SAU,1960,241.0,0.0
SEN,1960,4.0,14.0
SRB,1960,0.0,0.0
SCG,1960,16618.0,16.0
SYC,1960,0.0,0.0
SLE,1960,0.0,5.0
SGP,1960,5.0,3.0
SVK,1960,2638.0,1.0
SVN,1960,7143.0,1.0
SLB,1960,0.0,1.0
SOM,1960,2.0,0.0
ZAF,1960,90.0,422.0
ESP,1960,753707.0,12334.0
LKA,1960,2.0,0.0
KNA,1960,0.0,0.0
LCA,1960,15.0,2.0
VCT,1960,2.0,0.0
SDN,1960,3.0,0.0
SUR,1960,32.0,415.0
SWZ,1960,0.0,6.0
SWE,1960,77.0,268.0
CHE,1960,242.0,408.0
SYR,1960,23609.0,0.0
TWN,1960,551.0,0.0
TJK,1960,5.0,0.0
TZA,1960,5.0,5.0
THA,1960,9.0,18.0
TLS,1960,0.0,0.0
TGO,1960,3.0,48.0
TKL,1960,0.0,0.0
TON,1960,13.0,0.0
TTO,1960,87.0,50.0
TUN,1960,21.0,5.0
TUR,1960,11985.0,128.0
TKM,1960,7.0,0.0
TCA,1960,0.0,0.0
TUV,1960,0.0,0.0
UGA,1960,3.0,0.0
UKR,1960,14440.0,0.0
ARE,1960,2.0,0.0
GBR,1960,7069.0,5672.0
USA,1960,7932.0,17591.0
URY,1960,56568.0,27775.0
UZB,1960,50.0,0.0
VUT,1960,8.0,1.0
VEN,1960,662.0,4240.0
VNM,1960,10.0,0.0
VIR,1960,0.0,0.0
VGB,1960,0.0,0.0
WLF,1960,0.0,0.0
PSE,1960,75.0,61.0
YEM,1960,4.0,31.0
ZMB,1960,2.0,0.0
ZWE,1960,5.0,53.0
AFG,1970,9.0,0.0
ALB,1970,23.0,0.0
DZA,1970,34.0,1.0
ASM,1970,0.0,0.0
AND,1970,4.0,24.0
AGO,1970,382.0,2.0
AIA,1970,0.0,0.0
ATG,1970,0.0,4.0
ARM,1970,857.0,0.0
ABW,1970,2.0,8.0
AUS,1970,112.0,434.0
AUT,1970,14824.0,46.0
AZE,1970,14.0,0.0
BHS,1970,0.0,25.0
BHR,1970,2.0,0.0
BGD,1970,2.0,0.0
BRB,1970,4.0,20.0
BLR,1970,31.0,0.0
BEL,1970,961.0,420.0
BLZ,1970,5.0,7.0
BEN,1970,0.0,4.0
BMU,1970,0.0,3.0
BTN,1970,0.0,0.0
BOL,1970,102092.0,9976.0
BIH,1970,192.0,2.0
BWA,1970,0.0,0.0
BRA,1970,45225.0,17026.0
BRN,1970,0.0,0.0
BGR,1970,296.0,10.0
BFA,1970,1.0,0.0
BDI,1970,0.0,1.0
KHM,1970,4.0,4.0
CMR,1970,3.0,7.0
CAN,1970,81.0,2421.0
CPV,1970,2.0,5.0
CYM,1970,0.0,0.0
CAF,1970,0.0,0.0
TCD,1970,1.0,1.0
CHI,1970,0.0,0.0
CHL,1970,163943.0,12739.0
CHN,1970,5143.0,8.0
COL,1970,5267.0,1418.0
COM,1970,0.0,0.0
COD,1970,8.0,45.0
COG,1970,3.0,0.0
COK,1970,0.0,0.0
CRI,1970,30.0,203.0
CIV,1970,3.0,11.0
HRV,1970,10132.0,0.0
CUB,1970,157.0,360.0
CYP,1970,11.0,26.0
CZE,1970,9257.0,4.0
DNK,1970,296.0,868.0
DJI,1970,0.0,0.0
DMA,1970,2.0,1.0
DOM,1970,138.0,809.0
ECU,1970,346.0,1004.0
EGY,1970,471.0,22.0
SLV,1970,19.0,118.0
GNQ,1970,0.0,0.0
ERI,1970,2.0,0.0
EST,1970,150.0,0.0
ETH,1970,4.0,0.0
FRO,1970,0.0,5.0
FLK,1970,3.0,2.0
FJI,1970,0.0,12.0
FIN,1970,123.0,98.0
FRA,1970,15896.0,1067.0
GUF,1970,9.0,10.0
PYF,1970,2.0,4.0
GAB,1970,0.0,0.0
GMB,1970,0.0,0.0
GEO,1970,20.0,0.0
DEU,1970,36446.0,1767.0
GHA,1970,3.0,0.0
GIB,1970,2.0,5.0
GRC,1970,2590.0,66.0
GRL,1970,0.0,1.0
GRD,1970,5.0,1.0
GLP,1970,12.0,2.0
GUM,1970,0.0,40.0
GTM,1970,12.0,267.0
GIN,1970,0.0,3.0
GNB,1970,0.0,0.0
GUY,1970,45.0,205.0
HTI,1970,17.0,4.0
HND,1970,11.0,31.0
HKG,1970,36.0,0.0
HUN,1970,2828.0,225.0
ISL,1970,6.0,0.0
IND,1970,306.0,10.0
IDN,1970,27.0,15.0
IRN,1970,89.0,0.0
IRQ,1970,13.0,19.0
IRL,1970,109.0,60.0
IMN,1970,0.0,0.0
ISR,1970,1103.0,1315.0
ITA,1970,687552.0,17211.0
JAM,1970,3.0,3.0
JPN,1970,7500.0,78.0
JOR,1970,176.0,3.0
KAZ,1970,204.0,0.0
KEN,1970,3.0,0.0
KIR,1970,0.0,0.0
PRK,1970,752.0,0.0
KOR,1970,2411.0,0.0
XKX,1970,0.0,0.0
KWT,1970,6.0,5.0
KGZ,1970,3.0,0.0
LAO,1970,57.0,0.0
LVA,1970,379.0,0.0
LBN,1970,9002.0,8.0
LSO,1970,0.0,14.0
LBR,1970,2.0,7.0
LBY,1970,21.0,0.0
LIE,1970,9.0,2.0
LTU,1970,5325.0,0.0
LUX,1970,16.0,7.0
MAC,1970,3.0,0.0
MKD,1970,1365.0,3.0
MDG,1970,5.0,0.0
MWI,1970,0.0,0.0
MYS,1970,7.0,2.0
MDV,1970,0.0,0.0
MLI,1970,4.0,0.0
MLT,1970,5.0,0.0
MHL,1970,0.0,0.0
MTQ,1970,40.0,4.0
MRT,1970,0.0,0.0
MUS,1970,0.0,3.0
MYT,1970,0.0,0.0
MEX,1970,152.0,1638.0
FSM,1970,0.0,9.0
MDA,1970,25.0,0.0
MCO,1970,3.0,21.0
MNG,1970,0.0,0.0
MNE,1970,0.0,0.0
MSR,1970,0.0,0.0
MAR,1970,232.0,1.0
MOZ,1970,86.0,3.0
MMR,1970,3.0,28.0
NAM,1970,0.0,15.0
NRU,1970,1.0,5.0
NPL,1970,1.0,0.0
NLD,1970,1801.0,226.0
ANT,1970,8.0,27.0
NCL,1970,0.0,6.0
NZL,1970,14.0,145.0
NIC,1970,31.0,118.0
NER,1970,0.0,46.0
NGA,1970,11.0,145.0
NIU,1970,0.0,0.0
NFK,1970,0.0,0.0
MNP,1970,0.0,0.0
NOR,1970,200.0,237.0
OMN,1970,3.0,2.0
PAK,1970,67.0,0.0
PLW,1970,0.0,0.0
PAN,1970,43.0,456.0
PNG,1970,0.0,7.0
PRY,1970,205465.0,24563.0
PER,1970,4992.0,3877.0
PHL,1970,61.0,113.0
POL,1970,83162.0,4.0
PRT,1970,24930.0,144.0
PRI,1970,14.0,392.0
QAT,1970,2.0,45.0
REU,1970,8.0,1.0
ROU,1970,3635.0,0.0
RUS,1970,23807.0,0.0
RWA,1970,0.0,2.0
SHN,1970,20.0,1.0
SPM,1970,0.0,0.0
WSM,1970,0.0,4.0
SMR,1970,3.0,0.0
STP,1970,0.0,0.0
SAU,1970,378.0,0.0
SEN,1970,2.0,9.0
SRB,1970,0.0,0.0
SCG,1970,12822.0,16.0
SYC,1970,0.0,0.0
SLE,1970,0.0,9.0
SGP,1970,8.0,0.0
SVK,1970,1902.0,1.0
SVN,1970,5511.0,1.0
SLB,1970,0.0,1.0
SOM,1970,1.0,0.0
ZAF,1970,44.0,672.0
ESP,1970,547743.0,20804.0
LKA,1970,3.0,0.0
KNA,1970,0.0,0.0
LCA,1970,8.0,1.0
VCT,1970,1.0,0.0
SDN,1970,1.0,0.0
SUR,1970,16.0,275.0
SWZ,1970,0.0,11.0
SWE,1970,507.0,620.0
CHE,1970,1588.0,541.0
SYR,1970,15987.0,3.0
TWN,1970,864.0,0.0
TJK,1970,3.0,0.0
TZA,1970,2.0,5.0
THA,1970,15.0,0.0
TLS,1970,0.0,0.0
TGO,1970,1.0,69.0
TKL,1970,0.0,0.0
TON,1970,6.0,0.0
TTO,1970,43.0,40.0
TUN,1970,10.0,3.0
TUR,1970,6741.0,233.0
TKM,1970,5.0,0.0
TCA,1970,0.0,0.0
TUV,1970,0.0,0.0
UGA,1970,1.0,0.0
UKR,1970,9488.0,0.0
ARE,1970,3.0,2.0
GBR,1970,5654.0,319.0
USA,1970,8686.0,55325.0
URY,1970,83443.0,23013.0
UZB,1970,40.0,0.0
VUT,1970,4.0,2.0
VEN,1970,329.0,3827.0
VNM,1970,15.0,0.0
VIR,1970,0.0,0.0
VGB,1970,0.0,0.0
WLF,1970,0.0,0.0
PSE,1970,117.0,73.0
YEM,1970,6.0,38.0
ZMB,1970,1.0,0.0
ZWE,1970,2.0,68.0
AFG,1980,13.0,0.0
ALB,1980,45.0,0.0
DZA,1980,0.0,0.0
ASM,1980,0.0,0.0
AND,1980,7.0,6.0
AGO,1980,0.0,0.0
AIA,1980,0.0,0.0
ATG,1980,0.0,3.0
ARM,1980,446.0,0.0
ABW,1980,0.0,8.0
AUS,1980,0.0,8783.0
AUT,1980,9066.0,564.0
AZE,1980,9.0,0.0
BHS,1980,0.0,18.0
BHR,1980,3.0,18.0
BGD,1980,3.0,0.0
BRB,1980,0.0,34.0
BLR,1980,22.0,0.0
BEL,1980,1825.0,495.0
BLZ,1980,0.0,8.0
BEN,1980,0.0,5.0
BMU,1980,0.0,10.0
BTN,1980,0.0,0.0
BOL,1980,119671.0,14647.0
BIH,1980,146.0,3.0
BWA,1980,0.0,0.0
BRA,1980,43698.0,26427.0
BRN,1980,1.0,0.0
BGR,1980,563.0,10.0
BFA,1980,0.0,0.0
BDI,1980,0.0,1.0
KHM,1980,5.0,0.0
CMR,1980,0.0,6.0
CAN,1980,4.0,2992.0
CPV,1980,0.0,6.0
CYM,1980,0.0,1.0
CAF,1980,0.0,0.0
TCD,1980,0.0,2.0
CHI,1980,0.0,0.0
CHL,1980,217368.0,18862.0
CHN,1980,7288.0,6.0
COL,1980,246.0,1730.0
COM,1980,0.0,0.0
COD,1980,0.0,27.0
COG,1980,0.0,0.0
COK,1980,0.0,0.0
CRI,1980,1.0,429.0
CIV,1980,0.0,14.0
HRV,1980,7708.0,0.0
CUB,1980,7.0,206.0
CYP,1980,20.0,45.0
CZE,1980,6204.0,4.0
DNK,1980,562.0,825.0
DJI,1980,0.0,0.0
DMA,1980,0.0,0.0
DOM,1980,6.0,1502.0
ECU,1980,16.0,1563.0
EGY,1980,1.0,36.0
SLV,1980,0.0,135.0
GNQ,1980,0.0,0.0
ERI,1980,0.0,0.0
EST,1980,102.0,0.0
ETH,1980,0.0,0.0
FRO,1980,0.0,6.0
FLK,1980,0.0,7.0
FJI,1980,0.0,1.0
FIN,1980,233.0,190.0
FRA,1980,9787.0,9699.0
GUF,1980,0.0,20.0
PYF,1980,0.0,4.0
GAB,1980,0.0,1.0
GMB,1980,0.0,0.0
GEO,1980,15.0,0.0
DEU,1980,24323.0,5144.0
GHA,1980,0.0,0.0
GIB,1980,5.0,9.0
GRC,1980,4921.0,238.0
GRL,1980,0.0,1.0
GRD,1980,0.0,0.0
GLP,1980,0.0,3.0
GUM,1980,0.0,0.0
GTM,1980,0.0,320.0
GIN,1980,0.0,5.0
GNB,1980,0.0,0.0
GUY,1980,2.0,20.0
HTI,1980,0.0,5.0
HND,1980,0.0,40.0
HKG,1980,51.0,0.0
HUN,1980,5373.0,208.0
ISL,1980,11.0,2.0
IND,1980,434.0,0.0
IDN,1980,38.0,15.0
IRN,1980,125.0,0.0
IRQ,1980,19.0,11.0
IRL,1980,206.0,107.0
IMN,1980,0.0,0.0
ISR,1980,1562.0,1243.0
ITA,1980,487003.0,16981.0
JAM,1980,0.0,10.0
JPN,1980,7727.0,173.0
JOR,1980,249.0,6.0
KAZ,1980,106.0,0.0
KEN,1980,0.0,6.0
KIR,1980,0.0,0.0
PRK,1980,1065.0,2.0
KOR,1980,3417.0,8.0
XKX,1980,0.0,0.0
KWT,1980,9.0,11.0
KGZ,1980,3.0,0.0
LAO,1980,80.0,0.0
LVA,1980,251.0,0.0
LBN,1980,5346.0,5.0
LSO,1980,0.0,28.0
LBR,1980,0.0,0.0
LBY,1980,0.0,2.0
LIE,1980,18.0,0.0
LTU,1980,4465.0,0.0
LUX,1980,30.0,25.0
MAC,1980,4.0,0.0
MKD,1980,1038.0,5.0
MDG,1980,0.0,1.0
MWI,1980,0.0,5.0
MYS,1980,10.0,5.0
MDV,1980,0.0,0.0
MLI,1980,0.0,0.0
MLT,1980,9.0,0.0
MHL,1980,0.0,0.0
MTQ,1980,2.0,3.0
MRT,1980,0.0,0.0
MUS,1980,0.0,0.0
MYT,1980,0.0,0.0
MEX,1980,7.0,6004.0
FSM,1980,0.0,5.0
MDA,1980,17.0,0.0
MCO,1980,6.0,35.0
MNG,1980,0.0,0.0
MNE,1980,0.0,0.0
MSR,1980,0.0,0.0
MAR,1980,0.0,0.0
MOZ,1980,0.0,14.0
MMR,1980,4.0,16.0
NAM,1980,0.0,23.0
NRU,1980,0.0,7.0
NPL,1980,1.0,0.0
NLD,1980,3422.0,625.0
ANT,1980,0.0,24.0
NCL,1980,0.0,0.0
NZL,1980,0.0,217.0
NIC,1980,1.0,133.0
NER,1980,0.0,62.0
NGA,1980,0.0,1085.0
NIU,1980,0.0,0.0
NFK,1980,0.0,0.0
MNP,1980,0.0,0.0
NOR,1980,380.0,370.0
OMN,1980,4.0,5.0
PAK,1980,95.0,0.0
PLW,1980,0.0,0.0
PAN,1980,2.0,551.0
PNG,1980,0.0,8.0
PRY,1980,265190.0,37611.0
PER,1980,8559.0,4861.0
PHL,1980,87.0,44.0
POL,1980,57336.0,58.0
PRT,1980,20676.0,377.0
PRI,1980,0.0,563.0
QAT,1980,3.0,67.0
REU,1980,0.0,9.0
ROU,1980,6906.0,0.0
RUS,1980,18399.0,0.0
RWA,1980,0.0,2.0
SHN,1980,0.0,0.0
SPM,1980,0.0,0.0
WSM,1980,0.0,5.0
SMR,1980,5.0,0.0
STP,1980,0.0,0.0
SAU,1980,535.0,4.0
SEN,1980,0.0,10.0
SRB,1980,0.0,0.0
SCG,1980,9755.0,29.0
SYC,1980,0.0,0.0
SLE,1980,0.0,11.0
SGP,1980,11.0,3.0
SVK,1980,1275.0,2.0
SVN,1980,4193.0,2.0
SLB,1980,0.0,1.0
SOM,1980,0.0,0.0
ZAF,1980,0.0,920.0
ESP,1980,373063.0,35637.0
LKA,1980,5.0,0.0
KNA,1980,0.0,0.0
LCA,1980,0.0,0.0
VCT,1980,0.0,0.0
SDN,1980,0.0,0.0
SUR,1980,0.0,180.0
SWZ,1980,0.0,2.0
SWE,1980,964.0,2204.0
CHE,1980,3017.0,283.0
SYR,1980,9285.0,2.0
TWN,1980,1225.0,0.0
TJK,1980,2.0,0.0
TZA,1980,0.0,2.0
THA,1980,21.0,86.0
TLS,1980,0.0,0.0
TGO,1980,0.0,72.0
TKL,1980,0.0,0.0
TON,1980,0.0,2.0
TTO,1980,2.0,46.0
TUN,1980,0.0,4.0
TUR,1980,1890.0,278.0
TKM,1980,4.0,0.0
TCA,1980,0.0,0.0
TUV,1980,0.0,0.0
UGA,1980,0.0,0.0
UKR,1980,5083.0,0.0
ARE,1980,4.0,25.0
GBR,1980,4559.0,3589.0
USA,1980,9922.0,77600.0
URY,1980,114876.0,16613.0
UZB,1980,32.0,0.0
VUT,1980,0.0,4.0
VEN,1980,15.0,10340.0
VNM,1980,22.0,0.0
VIR,1980,0.0,0.0
VGB,1980,0.0,0.0
WLF,1980,0.0,0.0
PSE,1980,166.0,86.0
YEM,1980,9.0,47.0
ZMB,1980,0.0,333.0
ZWE,1980,0.0,65.0
AFG,1990,21.0,0.0
ALB,1990,147.0,0.0
DZA,1990,231.0,0.0
ASM,1990,0.0,0.0
AND,1990,1.0,12.0
AGO,1990,45.0,1.0
AIA,1990,0.0,1.0
ATG,1990,0.0,2.0
ARM,1990,90.0,0.0
ABW,1990,1.0,53.0
AUS,1990,629.0,10299.0
AUT,1990,4915.0,364.0
AZE,1990,1.0,0.0
BHS,1990,0.0,8.0
BHR,1990,28.0,27.0
BGD,1990,0.0,0.0
BRB,1990,17.0,13.0
BLR,1990,12.0,0.0
BEL,1990,1151.0,533.0
BLZ,1990,13.0,0.0
BEN,1990,0.0,6.0
BMU,1990,0.0,0.0
BTN,1990,0.0,0.0
BOL,1990,149439.0,17463.0
BIH,1990,91.0,14.0
BWA,1990,0.0,11.0
BRA,1990,35768.0,28161.0
BRN,1990,2.0,0.0
BGR,1990,972.0,10.0
BFA,1990,26.0,0.0
BDI,1990,0.0,0.0
KHM,1990,46.0,0.0
CMR,1990,0.0,2.0
CAN,1990,798.0,9645.0
CPV,1990,51.0,0.0
CYM,1990,0.0,6.0
CAF,1990,0.0,1.0
TCD,1990,0.0,2.0
CHI,1990,0.0,0.0
CHL,1990,226327.0,32548.0
CHN,1990,2502.0,123.0
COL,1990,3026.0,2142.0
COM,1990,0.0,0.0
COD,1990,60.0,19.0
COG,1990,33.0,0.0
COK,1990,1.0,0.0
CRI,1990,462.0,656.0
CIV,1990,1.0,39.0
HRV,1990,4838.0,170.0
CUB,1990,1431.0,132.0
CYP,1990,103.0,64.0
CZE,1990,3665.0,28.0
DNK,1990,539.0,903.0
DJI,1990,0.0,0.0
DMA,1990,9.0,0.0
DOM,1990,273.0,2291.0
ECU,1990,1016.0,1661.0
EGY,1990,551.0,103.0
SLV,1990,183.0,146.0
GNQ,1990,0.0,0.0
ERI,1990,27.0,0.0
EST,1990,122.0,0.0
ETH,1990,44.0,0.0
FRO,1990,0.0,7.0
FLK,1990,0.0,29.0
FJI,1990,2.0,0.0
FIN,1990,156.0,117.0
FRA,1990,7159.0,9508.0
GUF,1990,0.0,45.0
PYF,1990,0.0,14.0
GAB,1990,0.0,2.0
GMB,1990,0.0,0.0
GEO,1990,2.0,0.0
DEU,1990,17313.0,3561.0
GHA,1990,0.0,0.0
GIB,1990,32.0,0.0
GRC,1990,3195.0,516.0
GRL,1990,36.0,1.0
GRD,1990,25.0,3.0
GLP,1990,0.0,7.0
GUM,1990,3.0,4.0
GTM,1990,116.0,275.0
GIN,1990,1.0,4.0
GNB,1990,0.0,0.0
GUY,1990,3.0,17.0
HTI,1990,76.0,6.0
HND,1990,141.0,86.0
HKG,1990,10.0,5.0
HUN,1990,3297.0,181.0
ISL,1990,18.0,5.0
IND,1990,220.0,17.0
IDN,1990,47.0,19.0
IRN,1990,303.0,0.0
IRQ,1990,81.0,6.0
IRL,1990,143.0,77.0
IMN,1990,0.0,0.0
ISR,1990,1482.0,16177.0
ITA,1990,363907.0,34358.0
JAM,1990,27.0,0.0
JPN,1990,6030.0,2666.0
JOR,1990,163.0,1.0
KAZ,1990,21.0,0.0
KEN,1990,6.0,13.0
KIR,1990,0.0,0.0
PRK,1990,201.0,22.0
KOR,1990,10077.0,5.0
XKX,1990,0.0,0.0
KWT,1990,0.0,39.0
KGZ,1990,0.0,0.0
LAO,1990,538.0,0.0
LVA,1990,304.0,0.0
LBN,1990,3651.0,32.0
LSO,1990,0.0,47.0
LBR,1990,0.0,0.0
LBY,1990,114.0,3.0
LIE,1990,169.0,5.0
LTU,1990,2399.0,0.0
LUX,1990,212.0,151.0
MAC,1990,0.0,0.0
MKD,1990,652.0,139.0
MDG,1990,15.0,4.0
MWI,1990,0.0,5.0
MYS,1990,6.0,17.0
MDV,1990,0.0,0.0
MLI,1990,0.0,0.0
MLT,1990,4.0,0.0
MHL,1990,2.0,0.0
MTQ,1990,3.0,7.0
MRT,1990,0.0,65.0
MUS,1990,0.0,2.0
MYT,1990,0.0,0.0
MEX,1990,2332.0,4417.0
FSM,1990,3.0,0.0
MDA,1990,10.0,0.0
MCO,1990,22.0,44.0
MNG,1990,0.0,0.0
MNE,1990,0.0,0.0
MSR,1990,0.0,2.0
MAR,1990,479.0,0.0
MOZ,1990,30.0,59.0
MMR,1990,19.0,6.0
NAM,1990,4.0,37.0
NRU,1990,6.0,5.0
NPL,1990,0.0,0.0
NLD,1990,948.0,1800.0
ANT,1990,0.0,102.0
NCL,1990,0.0,6.0
NZL,1990,24.0,231.0
NIC,1990,147.0,142.0
NER,1990,1.0,44.0
NGA,1990,94.0,368.0
NIU,1990,3.0,0.0
NFK,1990,0.0,0.0
MNP,1990,4.0,0.0
NOR,1990,129.0,453.0
OMN,1990,0.0,14.0
PAK,1990,12.0,0.0
PLW,1990,4.0,0.0
PAN,1990,377.0,615.0
PNG,1990,0.0,6.0
PRY,1990,261080.0,47261.0
PER,1990,16347.0,4386.0
PHL,1990,129.0,43.0
POL,1990,32988.0,112.0
PRT,1990,14459.0,856.0
PRI,1990,210.0,1252.0
QAT,1990,0.0,54.0
REU,1990,0.0,11.0
ROU,1990,3714.0,0.0
RUS,1990,8666.0,0.0
RWA,1990,0.0,3.0
SHN,1990,1.0,0.0
SPM,1990,0.0,0.0
WSM,1990,0.0,3.0
SMR,1990,37.0,0.0
STP,1990,0.0,0.0
SAU,1990,182.0,9.0
SEN,1990,0.0,18.0
SRB,1990,0.0,0.0
SCG,1990,6123.0,236.0
SYC,1990,0.0,0.0
SLE,1990,0.0,11.0
SGP,1990,4.0,9.0
SVK,1990,753.0,5.0
SVN,1990,2632.0,92.0
SLB,1990,0.0,0.0
SOM,1990,4.0,0.0
ZAF,1990,279.0,972.0
ESP,1990,252380.0,52801.0
LKA,1990,6.0,0.0
KNA,1990,0.0,3.0
LCA,1990,0.0,5.0
VCT,1990,0.0,2.0
SDN,1990,18.0,8.0
SUR,1990,12.0,243.0
SWZ,1990,0.0,2.0
SWE,1990,566.0,2156.0
CHE,1990,2173.0,1876.0
SYR,1990,5656.0,3.0
TWN,1990,1925.0,3.0
TJK,1990,0.0,0.0
TZA,1990,1.0,2.0
THA,1990,133.0,173.0
TLS,1990,0.0,0.0
TGO,1990,0.0,75.0
TKL,1990,0.0,0.0
TON,1990,9.0,3.0
TTO,1990,77.0,37.0
TUN,1990,100.0,8.0
TUR,1990,2866.0,503.0
TKM,1990,0.0,0.0
TCA,1990,0.0,2.0
TUV,1990,8.0,0.0
UGA,1990,1.0,0.0
UKR,1990,4534.0,0.0
ARE,1990,0.0,45.0
GBR,1990,2604.0,4574.0
USA,1990,10199.0,106364.0
URY,1990,138094.0,18724.0
UZB,1990,3.0,0.0
VUT,1990,24.0,5.0
VEN,1990,1993.0,9580.0
VNM,1990,12.0,0.0
VIR,1990,0.0,9.0
VGB,1990,0.0,0.0
WLF,1990,0.0,0.0
PSE,1990,2.0,113.0
YEM,1990,0.0,58.0
ZMB,1990,1.0,0.0
ZWE,1990,3.0,61.0
AFG,2000,0.0,0.0
ALB,2000,0.0,0.0
DZA,2000,0.0,0.0
ASM,2000,0.0,0.0
AND,2000,0.0,16.0
AGO,2000,0.0,2.0
AIA,2000,0.0,2.0
ATG,2000,0.0,6.0
ARM,2000,1497.0,0.0
ABW,2000,0.0,123.0
AUS,2000,726.0,10749.0
AUT,2000,2454.0,339.0
AZE,2000,2.0,0.0
BHS,2000,0.0,9.0
BHR,2000,0.0,16.0
BGD,2000,0.0,0.0
BRB,2000,0.0,15.0
BLR,2000,3.0,0.0
BEL,2000,1125.0,719.0
BLZ,2000,0.0,4.0
BEN,2000,0.0,11.0
BMU,2000,0.0,27.0
BTN,2000,0.0,0.0
BOL,2000,237213.0,27612.0
BIH,2000,0.0,11.0
BWA,2000,0.0,30.0
BRA,2000,36424.0,27553.0
BRN,2000,0.0,0.0
BGR,2000,654.0,46.0
BFA,2000,0.0,0.0
BDI,2000,0.0,0.0
KHM,2000,0.0,3.0
CMR,2000,0.0,2.0
CAN,2000,1145.0,13536.0
CPV,2000,0.0,0.0
CYM,2000,0.0,14.0
CAF,2000,0.0,0.0
TCD,2000,0.0,2.0
CHI,2000,0.0,0.0
CHL,2000,219104.0,45713.0
CHN,2000,4039.0,207.0
COL,2000,4264.0,2654.0
COM,2000,0.0,0.0
COD,2000,0.0,15.0
COG,2000,0.0,0.0
COK,2000,0.0,1.0
CRI,2000,358.0,1103.0
CIV,2000,0.0,4.0
HRV,2000,2260.0,184.0
CUB,2000,2495.0,181.0
CYP,2000,0.0,39.0
CZE,2000,1493.0,312.0
DNK,2000,358.0,931.0
DJI,2000,0.0,0.0
DMA,2000,0.0,0.0
DOM,2000,1524.0,3221.0
ECU,2000,2035.0,2183.0
EGY,2000,266.0,330.0
SLV,2000,0.0,163.0
GNQ,2000,0.0,0.0
ERI,2000,0.0,0.0
EST,2000,16.0,0.0
ETH,2000,0.0,0.0
FRO,2000,0.0,2.0
FLK,2000,0.0,35.0
FJI,2000,0.0,0.0
FIN,2000,0.0,173.0
FRA,2000,7332.0,17999.0
GUF,2000,0.0,69.0
PYF,2000,0.0,42.0
GAB,2000,0.0,3.0
GMB,2000,0.0,0.0
GEO,2000,2.0,0.0
DEU,2000,10420.0,5112.0
GHA,2000,0.0,1.0
GIB,2000,0.0,10.0
GRC,2000,2413.0,254.0
GRL,2000,0.0,1.0
GRD,2000,0.0,6.0
GLP,2000,0.0,6.0
GUM,2000,0.0,4.0
GTM,2000,297.0,345.0
GIN,2000,0.0,9.0
GNB,2000,0.0,0.0
GUY,2000,0.0,40.0
HTI,2000,0.0,9.0
HND,2000,0.0,139.0
HKG,2000,0.0,10.0
HUN,2000,1657.0,173.0
ISL,2000,0.0,13.0
IND,2000,337.0,0.0
IDN,2000,0.0,17.0
IRN,2000,276.0,0.0
IRQ,2000,0.0,0.0
IRL,2000,0.0,265.0
IMN,2000,0.0,0.0
ISR,2000,1432.0,36951.0
ITA,2000,224155.0,20311.0
JAM,2000,0.0,28.0
JPN,2000,5348.0,3061.0
JOR,2000,0.0,13.0
KAZ,2000,414.0,0.0
KEN,2000,0.0,0.0
KIR,2000,0.0,2.0
PRK,2000,8201.0,18.0
KOR,2000,0.0,0.0
XKX,2000,0.0,0.0
KWT,2000,0.0,37.0
KGZ,2000,0.0,11.0
LAO,2000,552.0,0.0
LVA,2000,41.0,17.0
LBN,2000,1575.0,897.0
LSO,2000,0.0,7.0
LBR,2000,0.0,0.0
LBY,2000,0.0,3.0
LIE,2000,0.0,13.0
LTU,2000,1262.0,73.0
LUX,2000,0.0,115.0
MAC,2000,0.0,0.0
MKD,2000,0.0,161.0
MDG,2000,0.0,3.0
MWI,2000,0.0,5.0
MYS,2000,0.0,56.0
MDV,2000,0.0,0.0
MLI,2000,0.0,0.0
MLT,2000,0.0,2.0
MHL,2000,0.0,0.0
MTQ,2000,0.0,8.0
MRT,2000,0.0,72.0
MUS,2000,0.0,5.0
MYT,2000,0.0,0.0
MEX,2000,3610.0,6564.0
FSM,2000,0.0,0.0
MDA,2000,3.0,0.0
MCO,2000,0.0,52.0
MNG,2000,0.0,0.0
MNE,2000,0.0,0.0
MSR,2000,0.0,0.0
MAR,2000,0.0,0.0
MOZ,2000,0.0,180.0
MMR,2000,0.0,5.0
NAM,2000,0.0,36.0
NRU,2000,0.0,0.0
NPL,2000,0.0,0.0
NLD,2000,1012.0,2215.0
ANT,2000,0.0,48.0
NCL,2000,0.0,13.0
NZL,2000,0.0,382.0
NIC,2000,0.0,170.0
NER,2000,0.0,10.0
NGA,2000,0.0,618.0
NIU,2000,0.0,0.0
NFK,2000,0.0,0.0
MNP,2000,0.0,0.0
NOR,2000,0.0,544.0
OMN,2000,0.0,21.0
PAK,2000,0.0,0.0
PLW,2000,0.0,0.0
PAN,2000,286.0,811.0
PNG,2000,0.0,4.0
PRY,2000,331688.0,64284.0
PER,2000,91182.0,3586.0
PHL,2000,0.0,638.0
POL,2000,14469.0,190.0
PRT,2000,9019.0,1094.0
PRI,2000,0.0,281.0
QAT,2000,0.0,1340.0
REU,2000,0.0,17.0
ROU,2000,2567.0,0.0
RUS,2000,2350.0,1.0
RWA,2000,0.0,0.0
SHN,2000,0.0,0.0
SPM,2000,0.0,0.0
WSM,2000,0.0,10.0
SMR,2000,0.0,0.0
STP,2000,0.0,0.0
SAU,2000,0.0,10.0
SEN,2000,0.0,18.0
SRB,2000,0.0,0.0
SCG,2000,3109.0,875.0
SYC,2000,0.0,0.0
SLE,2000,0.0,0.0
SGP,2000,0.0,32.0
SVK,2000,307.0,57.0
SVN,2000,1657.0,172.0
SLB,2000,0.0,2.0
SOM,2000,0.0,0.0
ZAF,2000,0.0,1004.0
ESP,2000,137084.0,83803.0
LKA,2000,0.0,0.0
KNA,2000,0.0,0.0
LCA,2000,0.0,3.0
VCT,2000,0.0,3.0
SDN,2000,0.0,10.0
SUR,2000,0.0,324.0
SWZ,2000,0.0,18.0
SWE,2000,481.0,2408.0
CHE,2000,1820.0,1359.0
SYR,2000,2577.0,4.0
TWN,2000,3466.0,18.0
TJK,2000,0.0,0.0
TZA,2000,0.0,4.0
THA,2000,0.0,594.0
TLS,2000,0.0,0.0
TGO,2000,0.0,78.0
TKL,2000,0.0,0.0
TON,2000,0.0,1.0
TTO,2000,0.0,21.0
TUN,2000,0.0,7.0
TUR,2000,1534.0,142.0
TKM,2000,0.0,0.0
TCA,2000,0.0,2.0
TUV,2000,0.0,0.0
UGA,2000,0.0,0.0
UKR,2000,9498.0,0.0
ARE,2000,0.0,78.0
GBR,2000,2383.0,10198.0
USA,2000,10338.0,133210.0
URY,2000,119169.0,25146.0
UZB,2000,4.0,0.0
VUT,2000,0.0,2.0
VEN,2000,3068.0,8733.0
VNM,2000,0.0,16.0
VIR,2000,0.0,8.0
VGB,2000,0.0,0.0
WLF,2000,0.0,0.0
PSE,2000,0.0,175.0
YEM,2000,0.0,68.0
ZMB,2000,0.0,0.0
ZWE,2000,0.0,56.0
